- code: AFRICA
  name: Africa
  countries:
    - AO
    - BF
    - BI
    - BJ
    - BW
    - CD
    - CF
    - CG
    - CI
    - CM
    - CV
    - DJ
    - DZ
    - EG
    - ER
    - ET
    - GA
    - GH
    - GM
    - GN
    - GQ
    - GW
    - IO
    - KE
    - KM
    - LR
    - LS
    - LY
    - MA
    - MG
    - ML
    - MR
    - MU
    - MW
    - MZ
    - NA
    - NE
    - NG
    - RE
    - RW
    - SC
    - SD
    - SL
    - SN
    - SO
    - ST
    - SZ
    - TD
    - TG
    - TN
    - TZ
    - UG
    - YT
    - ZA
    - ZM
    - ZW
- code: ANTARCTICA
  name: Antarctica
  countries:
    - AQ
- code: AP
  name: Asia-Pacific
  countries:
    - AE
    - AF
    - AM
    - AS
    - AU
    - AZ
    - BD
    - BH
    - BN
    - BT
    - CC
    - CK
    - CN
    - CY
    - FJ
    - FM
    - GE
    - GU
    - HK
    - ID
    - IL
    - IN
    - IQ
    - IR
    - JO
    - JP
    - KG
    - KH
    - KI
    - KP
    - KR
    - KW
    - KZ
    - LA
    - LB
    - LK
    - MH
    - MM
    - MN
    - MO
    - MP
    - MV
    - MY
    - NC
    - NF
    - NP
    - NR
    - NU
    - NZ
    - OM
    - PF
    - PG
    - PH
    - PK
    - PS
    - PW
    - QA
    - SA
    - SB
    - SG
    - SY
    - TH
    - TJ
    - TK
    - TL
    - TM
    - TO
    - TR
    - TV
    - TW
    - UM
    - UZ
    - VN
    - VU
    - WF
    - WS
    - YE
- code: ASIA
  name: Asia
  countries:
    - AE
    - AF
    - AM
    - AZ
    - BD
    - BH
    - BN
    - BT
    - CN
    - CY
    - GE
    - HK
    - ID
    - IL
    - IN
    - IQ
    - IR
    - JO
    - JP
    - KG
    - KH
    - KP
    - KR
    - KW
    - KZ
    - LA
    - LB
    - LK
    - MM
    - MN
    - MO
    - MV
    - MY
    - NP
    - OM
    - PH
    - PK
    - PS
    - QA
    - SA
    - SG
    - SY
    - TH
    - TJ
    - TL
    - TM
    - TR
    - TW
    - UZ
    - VN
    - YE
- code: CIS
  name: Commonwealth of Independent States
  countries:
    - AM
    - AZ
    - BY
    - KG
    - KZ
    - MD
    - RU
    - TJ
    - TM
    - UA
    - UZ
- code: EEA
  name: European Economic Area
  countries:
    - AT
    - BE
    - BG
    - CY
    - CZ
    - DE
    - DK
    - EE
    - ES
    - FI
    - FR
    - GR
    - HR
    - HU
    - IE
    - IS
    - IT
    - LI
    - LT
    - LU
    - LV
    - MT
    - NL
    - NO
    - PL
    - PT
    - RO
    - SE
    - SI
    - SK
- code: EU27
  name: European Union (EU27)
  countries:
    - AT
    - BE
    - BG
    - CY
    - CZ
    - DE
    - DK
    - EE
    - ES
    - FI
    - FR
    - GR
    - HR
    - HU
    - IE
    - IT
    - LT
    - LU
    - LV
    - MT
    - NL
    - PL
    - PT
    - RO
    - SE
    - SI
    - SK
- code: EUROPE_UN_M49
  name: Europe (UN M49)
  countries:
    - AD
    - AL
    - AT
    - AX
    - BA
    - BE
    - BG
    - BY
    - CH
    - CZ
    - DE
    - DK
    - EE
    - ES
    - FI
    - FO
    - FR
    - GB
    - GI
    - GR
    - HR
    - HU
    - IE
    - IM
    - IS
    - IT
    - JE
    - LT
    - LU
    - LV
    - MC
    - MD
    - ME
    - MK
    - MT
    - NL
    - NO
    - PL
    - PT
    - RO
    - RS
    - RU
    - SE
    - SI
    - SK
    - SM
    - UA
    - VA
- code: LATAM
  name: Latin America and Caribbean
  countries:
    - AG
    - AI
    - AR
    - AW
    - BB
    - BO
    - BR
    - BS
    - BZ
    - CL
    - CO
    - CR
    - CU
    - DM
    - DO
    - EC
    - FK
    - GD
    - GF
    - GP
    - GT
    - GY
    - HN
    - HT
    - JM
    - KN
    - KY
    - LC
    - MQ
    - MS
    - MX
    - NI
    - PA
    - PE
    - PR
    - PY
    - SR
    - SV
    - TC
    - TT
    - UY
    - VC
    - VE
    - VG
    - VI
- code: MENA
  name: Middle East and North Africa
  countries:
    - AE
    - BH
    - DZ
    - EG
    - IL
    - IQ
    - IR
    - JO
    - KW
    - LB
    - LY
    - MA
    - OM
    - PS
    - QA
    - SA
    - SD
    - SY
    - TN
    - TR
    - YE
- code: NA
  name: North America
  countries:
    - BM
    - CA
    - GL
    - MX
    - PM
    - US
- code: OCEANIA
  name: Oceania
  countries:
    - AS
    - AU
    - CC
    - CK
    - FJ
    - FM
    - GU
    - KI
    - MH
    - MP
    - NC
    - NF
    - NR
    - NU
    - NZ
    - PF
    - PG
    - PW
    - SB
    - TK
    - TO
    - TV
    - UM
    - VU
    - WF
    - WS
- code: SA
  name: South America
  countries:
    - AR
    - BO
    - BR
    - CL
    - CO
    - EC
    - FK
    - GF
    - GY
    - PE
    - PY
    - SR
    - UY
    - VE
- code: SCHENGEN
  name: Schengen Area
  countries:
    - AT
    - BE
    - BG
    - CH
    - CZ
    - DE
    - DK
    - EE
    - ES
    - FI
    - FR
    - GR
    - HR
    - HU
    - IS
    - IT
    - LI
    - LT
    - LU
    - LV
    - MT
    - NL
    - NO
    - PL
    - PT
    - RO
    - SE
    - SI
    - SK
- code: UK
  name: United Kingdom
  countries:
    - GB
- code: US
  name: United States
  countries:
    - US
